,index,molecule_chembl_id,canonical_smiles,standard_value,class,standard_value_norm,pIC50,MolWt,MolLogP,NumHDonors,NumHAcceptors
0,0,CHEMBL217926,O=C(Nc1ccccc1)C1CC(=O)N(C2CCCCC2)C1,10660.0,inactive,10660.0,4.972242795309446,286.37500000000006,2.806300000000001,1.0,2.0
1,1,CHEMBL216547,O=C(Nc1ccccc1Br)C1CC(=O)N(C2CCCCC2)C1,100000.0,inactive,100000.0,4.0,365.2710000000002,3.568800000000002,1.0,2.0
2,2,CHEMBL213720,O=C(Nc1ccc2c(c1)OCCO2)C1CC(=O)N(C2CCCCC2)C1,100000.0,inactive,100000.0,4.0,344.4110000000002,2.5775000000000006,1.0,4.0
3,3,CHEMBL217274,Cc1cccc(C)c1NC(=O)C1CC(=O)N(C2CCCCC2)C1,100000.0,inactive,100000.0,4.0,314.4290000000002,3.423140000000002,1.0,2.0
4,4,CHEMBL217773,O=C(Nc1ccc(Oc2ccccc2)cc1)C1CC(=O)N(C2CCCCC2)C1,100000.0,inactive,100000.0,4.0,378.47200000000026,4.598600000000004,1.0,3.0
5,5,CHEMBL217273,CCOc1ccc(NC(=O)C2CC(=O)N(C3CCCCC3)C2)cc1,100000.0,inactive,100000.0,4.0,330.4280000000001,3.205000000000002,1.0,3.0
6,6,CHEMBL216781,CC(=O)Nc1cccc(NC(=O)C2CC(=O)N(C3CCCCC3)C2)c1,75000.0,inactive,75000.0,4.1249387366083,343.4270000000002,2.7647000000000013,2.0,3.0
7,7,CHEMBL265016,O=C(Nc1ccc(Cl)cc1)C1CC(=O)N(C2CCCCC2)C1,100000.0,inactive,100000.0,4.0,320.82000000000016,3.4597000000000024,1.0,2.0
8,8,CHEMBL217524,O=C(Nc1ccc(F)c(Cl)c1)C1CC(=O)N(C2CCCCC2)C1,14830.0,inactive,14830.0,4.828858848971618,338.81000000000023,3.5988000000000024,1.0,2.0
9,9,CHEMBL384149,COc1ccc(Cl)cc1NC(=O)C1CC(=O)N(C2CCCCC2)C1,1600.0,intermediate,1600.0,5.795880017344075,350.84600000000023,3.468300000000002,1.0,3.0
10,10,CHEMBL216339,O=C(Nc1cc(C(F)(F)F)cc(C(F)(F)F)c1)C1CC(=O)N(C2CCCCC2)C1,3670.0,intermediate,3670.0,5.43533393574791,422.3690000000003,4.843900000000003,1.0,2.0
11,11,CHEMBL216704,COc1cc(NC(=O)C2CC(=O)N(C3CCCCC3)C2)cc(C(F)(F)F)c1,1300.0,intermediate,1300.0,5.886056647693163,384.398,3.833700000000003,1.0,3.0
12,12,CHEMBL386324,O=C(Nc1cc(Br)cc(C(F)(F)F)c1)C1CC(=O)N(C2CCCCC2)C1,850.0,active,850.0,6.070581074285707,433.2680000000003,4.587600000000004,1.0,2.0
13,13,CHEMBL216807,O=C(Nc1cc(Cl)cc(Cl)c1)C1CC(=O)N(C2CCCCC2)C1,390.0,active,390.0,6.4089353929735005,355.2650000000002,4.113100000000003,1.0,2.0
14,14,CHEMBL385294,O=C(Nc1cc(F)cc(F)c1)C1CC(=O)N(C2CCCCC2)C1,1490.0,intermediate,1490.0,5.826813731587726,322.3550000000002,3.084500000000002,1.0,2.0
15,15,CHEMBL217617,Cc1cc([N+](=O)[O-])ccc1NC(=O)C1CC(=O)N(C2CCCCC2)C1,31370.0,inactive,31370.0,4.503485481302255,345.3990000000002,3.022920000000001,1.0,4.0
16,16,CHEMBL444361,Cc1c(Cl)cccc1NC(=O)C1CC(=O)N(C2CCCCC2)C1,23120.0,inactive,23120.0,4.636012170251509,334.8470000000002,3.7681200000000024,1.0,2.0
17,17,CHEMBL387186,Cc1cc(C)cc(NC(=O)C2CC(=O)N(C3CCCCC3)C2)c1,3140.0,intermediate,3140.0,5.503070351926785,314.42900000000014,3.423140000000002,1.0,2.0
18,18,CHEMBL216887,Cc1ccc(C)c(NC(=O)C2CC(=O)N(C3CCCCC3)C2)c1,10050.0,inactive,10050.0,4.997833938243493,314.42900000000014,3.423140000000002,1.0,2.0
19,19,CHEMBL216748,Cc1cc(NC(=O)C2CC(=O)N(C3CCCCC3)C2)ccc1Br,37410.0,inactive,37410.0,4.427012291801795,379.298,3.877220000000003,1.0,2.0
20,20,CHEMBL425259,Cc1ccc(Cl)cc1NC(=O)C1CC(=O)N(C2CCCCC2)C1,970.0,active,970.0,6.013228265733755,334.84700000000026,3.7681200000000024,1.0,2.0
21,21,CHEMBL215081,O=C(Nc1cc(Cl)ccc1Cl)C1CC(=O)N(C2CCCCC2)C1,56500.0,inactive,56500.0,4.247951552180561,355.2650000000002,4.113100000000003,1.0,2.0
22,22,CHEMBL217144,O=C(Nc1ccc(Cl)cc1Cl)C1CC(=O)N(C2CCCCC2)C1,56020.0,inactive,56020.0,4.2516568955124505,355.2650000000002,4.113100000000003,1.0,2.0
23,23,CHEMBL217272,CC(=O)c1ccc(NC(=O)C2CC(=O)N(C3CCCCC3)C2)cc1,73580.0,inactive,73580.0,4.133240216504892,328.4120000000001,3.0089000000000015,1.0,3.0
24,24,CHEMBL426150,CC(=O)Nc1ccc(NC(=O)C2CC(=O)N(C3CCCCC3)C2)cc1,100000.0,inactive,100000.0,4.0,343.4270000000002,2.7647000000000004,2.0,3.0
25,25,CHEMBL387284,CC(C)c1cccc(NC(=O)C2CC(=O)N(C3CCCCC3)C2)c1,5550.0,intermediate,5550.0,5.255707016877324,328.45600000000013,3.929700000000003,1.0,2.0
26,26,CHEMBL216786,O=C(Nc1cccc([N+](=O)[O-])c1)C1CC(=O)N(C2CCCCC2)C1,10590.0,inactive,10590.0,4.975104039892515,331.37200000000024,2.714500000000001,1.0,4.0
27,27,CHEMBL411394,O=C(Nc1cccc(C(F)(F)F)c1)C1CC(=O)N(C2CCCCC2)C1,3510.0,intermediate,3510.0,5.454692883534176,354.3720000000002,3.8251000000000026,1.0,2.0
28,28,CHEMBL214484,Cc1cccc(NC(=O)C2CC(=O)N(C3CCCCC3)C2)c1,16790.0,inactive,16790.0,4.774949303861951,300.4020000000001,3.114720000000002,1.0,2.0
29,29,CHEMBL386252,O=C(Nc1ccc(I)cc1)C1CC(=O)N(C2CCCCC2)C1,14500.0,inactive,14500.0,4.838631997765025,412.27100000000036,3.4109000000000025,1.0,2.0
30,30,CHEMBL217588,O=C(Nc1cccc(Cl)c1)C1CC(=O)N(C2CCCCC2)C1,1350.0,intermediate,1350.0,5.8696662315049934,320.82000000000016,3.4597000000000024,1.0,2.0
31,31,CHEMBL439530,O=C(Nc1ccc(Br)cc1)C1CC(=O)N(C2CCCCC2)C1,28020.0,inactive,28020.0,4.552531869050244,365.27100000000024,3.568800000000002,1.0,2.0
32,32,CHEMBL385214,O=C(Nc1cccc(Br)c1)C1CC(=O)N(C2CCCCC2)C1,890.0,active,890.0,6.050609993355087,365.27100000000024,3.568800000000002,1.0,2.0
33,33,CHEMBL217864,COC(=O)c1ccccc1NC(=O)C1CC(=O)N(C2CCCCC2)C1,34880.0,inactive,34880.0,4.45742352373947,344.41100000000023,2.592900000000001,1.0,4.0
34,34,CHEMBL217499,O=C(C1CC(=O)N(C2CCCCC2)C1)N1CCc2ccccc21,5100.0,intermediate,5100.0,5.292429823902063,312.41299999999995,2.756900000000001,0.0,2.0
35,35,CHEMBL441373,O=C(Nc1cccc(-c2ccccc2)c1)C1CC(=O)N(C2CCCCC2)C1,390.0,active,390.0,6.4089353929735005,362.47300000000024,4.473300000000004,1.0,2.0
36,40,CHEMBL262471,O=C(C1CC(=O)N(C2CCCCC2)C1)N1CCN(C(c2ccc(F)cc2)c2ccc(F)cc2)CC1,5510.0,intermediate,5510.0,5.258848401148215,481.5870000000001,4.379600000000004,0.0,3.0
37,42,CHEMBL215478,O=C(C1CC(=O)N(C2CCCCC2)C1)N1CCN(C(c2ccccc2)c2ccc(F)cc2)CC1,6410.0,intermediate,6410.0,5.193141970481182,463.5970000000001,4.2405000000000035,0.0,3.0
38,43,CHEMBL217879,Cc1ccc(C(c2ccccc2)N2CCN(C(=O)C3CC(=O)N(C4CCCCC4)C3)CC2)cc1,5180.0,intermediate,5180.0,5.285670240254767,459.6340000000004,4.409820000000003,0.0,3.0
39,44,CHEMBL213872,CCn1c2ccccc2c2cc(NC(=O)C3CC(=O)N(C4CCCCC4)C3)ccc21,2570.0,intermediate,2570.0,5.590066876668706,403.52600000000024,4.934100000000004,1.0,3.0
40,45,CHEMBL216512,O=C(C1CC(=O)N(C2CCCCC2)C1)N1CCN(C(c2ccccc2)c2ccc(Cl)cc2)CC1,4470.0,intermediate,4470.0,5.349692476868063,480.05200000000013,4.754800000000005,0.0,3.0
41,46,CHEMBL424903,O=C(Nc1cccc(OCc2ccccc2)c1)C1CC(=O)N(C2CCCCC2)C1,3390.0,intermediate,3390.0,5.4698003017969175,392.4990000000003,4.3853000000000035,1.0,3.0
42,47,CHEMBL386655,O=C(Nc1cccc2c1Cc1ccccc1-2)C1CC(=O)N(C2CCCCC2)C1,1390.0,intermediate,1390.0,5.856985199745905,374.48400000000026,4.377500000000003,1.0,2.0
43,48,CHEMBL217594,CN(Cc1c2ccccc2cc2ccccc12)C(=O)C1CC(=O)N(C2CCCCC2)C1,750.0,active,750.0,6.1249387366083,414.5490000000003,5.1326000000000045,0.0,2.0
44,49,CHEMBL424724,O=C(Nc1cccc(Cc2ccccc2)c1)C1CC(=O)N(C2CCCCC2)C1,410.0,active,410.0,6.3872161432802645,376.5000000000003,4.397100000000004,1.0,2.0
45,51,CHEMBL216642,O=C(Nc1cccc(Cl)c1)C1CC(=O)N(c2ccccc2)C1,3940.0,intermediate,3940.0,5.404503778174426,314.772,3.3316000000000017,1.0,2.0
46,52,CHEMBL216299,Cc1ccc(N2CC(C(=O)Nc3cccc(Br)c3)CC2=O)cc1C,100000.0,inactive,100000.0,4.0,387.2770000000002,4.057540000000002,1.0,2.0
47,53,CHEMBL216063,Cc1ccc(N2CC(C(=O)Nc3cccc(Br)c3)CC2=O)cc1,100000.0,inactive,100000.0,4.0,373.25000000000017,3.7491200000000022,1.0,2.0
48,54,CHEMBL216759,O=C(Nc1cccc(Br)c1)C1CC(=O)N(c2ccc(F)cc2)C1,29230.0,inactive,29230.0,4.534171184642563,377.2130000000001,3.5798000000000023,1.0,2.0
49,55,CHEMBL217204,O=C(Nc1cccc(Br)c1)C1CC(=O)N(c2ccccc2)C1,13550.0,inactive,13550.0,4.868060704789576,359.22300000000007,3.4407000000000014,1.0,2.0
50,56,CHEMBL217375,Cc1c(Cl)cccc1NC(=O)C1CC(=O)N(c2ccc(OC(C)C)cc2)C1,100000.0,inactive,100000.0,4.0,386.87900000000013,4.427220000000003,1.0,3.0
51,57,CHEMBL215014,Cc1ccc(N2CC(C(=O)Nc3cccc(Cl)c3C)CC2=O)cc1,100000.0,inactive,100000.0,4.0,342.8260000000002,3.9484400000000024,1.0,2.0
52,58,CHEMBL274325,Cc1c(Cl)cccc1NC(=O)C1CC(=O)N(c2ccc(Br)cc2)C1,100000.0,inactive,100000.0,4.0,407.69500000000005,4.402520000000003,1.0,2.0
53,59,CHEMBL217808,Cc1c(Cl)cccc1NC(=O)C1CC(=O)N(c2cccc([N+](=O)[O-])c2)C1,100000.0,inactive,100000.0,4.0,373.7960000000001,3.5482200000000015,1.0,4.0
54,60,CHEMBL385297,Cc1c(Cl)cccc1NC(=O)C1CC(=O)N(c2ccccc2)C1,100000.0,inactive,100000.0,4.0,328.79900000000004,3.6400200000000016,1.0,2.0
55,61,CHEMBL415226,CCCOc1ccc(N2CC(C(=O)Nc3cccc(Cl)c3)CC2=O)cc1,100000.0,inactive,100000.0,4.0,372.85200000000015,4.120400000000003,1.0,3.0
56,62,CHEMBL217885,Cc1ccc(N2CC(C(=O)Nc3cccc(Cl)c3)CC2=O)cc1,100000.0,inactive,100000.0,4.0,328.79900000000015,3.6400200000000016,1.0,2.0
57,63,CHEMBL217852,O=C(Nc1cccc(-c2ccccc2)c1)C1CC(=O)N(C2CC3CCC2C3)C1,460.0,active,460.0,6.337242168318426,374.4840000000002,4.329200000000003,1.0,2.0
58,67,CHEMBL385650,O=C(Nc1cc(-c2ccccc2)c(O)c(-c2ccccc2)c1)C1CC(=O)N(C2CCCCCCC2)C1,1290.0,intermediate,1290.0,5.889410289700751,482.6240000000005,6.626100000000006,2.0,3.0
59,68,CHEMBL414086,CN(Cc1c2ccccc2cc2ccccc12)C(=O)C1CC(=O)N(C2CCCCCCC2)C1,620.0,active,620.0,6.2076083105017466,442.6030000000004,5.912800000000006,0.0,2.0
60,69,CHEMBL217057,O=C(Nc1cc(-c2ccccc2)c(O)c(-c2ccccc2)c1)C1CC(=O)N(C2CCCCCC2)C1,270.0,active,270.0,6.568636235841013,468.59700000000043,6.236000000000006,2.0,3.0
61,70,CHEMBL386329,CN(Cc1c2ccccc2cc2ccccc12)C(=O)C1CC(=O)N(C2CCCCCC2)C1,320.0,active,320.0,6.494850021680094,428.57600000000036,5.522700000000005,0.0,2.0
62,71,CHEMBL216689,O=C(Nc1cc(-c2ccccc2)c(O)c(-c2ccccc2)c1)C1CC(=O)N(C2CCCCC2)C1,140.0,active,140.0,6.853871964321762,454.5700000000004,5.845900000000006,2.0,3.0
63,72,CHEMBL426702,CN(Cc1c2ccccc2cc2ccccc12)C(=O)C1CC(=O)N(C2CC3CCC2C3)C1,850.0,active,850.0,6.070581074285707,426.5600000000003,4.988500000000005,0.0,2.0
64,74,CHEMBL539344,Cl.Cl.O=C(Nc1cc(-c2ccccc2)c(O)c(-c2ccccc2)c1)C1CC(=O)N(C2CCCCC2)C1,62.0,active,62.0,7.2076083105017466,527.4920000000003,6.689500000000006,2.0,3.0
65,75,CHEMBL240734,O=C(c1ccccc1)N1CCN(c2ccccc2)CC1,38860.0,inactive,38860.0,4.410497203736236,266.344,2.649000000000001,0.0,2.0
66,76,CHEMBL240531,Cc1cccc(C(=O)N2CCC(Cc3ccccc3)CC2)c1,7390.0,intermediate,7390.0,5.131355561605174,293.4100000000001,4.089920000000003,0.0,1.0
67,77,CHEMBL240530,Cc1ccc(C(=O)N2CCC(Cc3ccccc3)CC2)cc1,5160.0,intermediate,5160.0,5.287350298372789,293.41,4.089920000000004,0.0,1.0
68,78,CHEMBL437002,O=C(c1ccccc1F)N1CCC(Cc2ccccc2)CC1,14110.0,inactive,14110.0,4.850472986245652,297.37300000000005,3.920600000000003,0.0,1.0
69,79,CHEMBL240318,O=C(c1cccc(Cl)c1)N1CCC(Cc2ccccc2)CC1,7740.0,intermediate,7740.0,5.111259039317107,313.8280000000001,4.434900000000003,0.0,1.0
70,80,CHEMBL240317,O=C(c1ccccc1)N1CCN(Cc2ccccc2)CC1,31500.0,inactive,31500.0,4.501689446210399,280.37100000000004,2.6446000000000014,0.0,2.0
71,81,CHEMBL240316,O=C(c1ccc(Cl)c(Cl)c1)N1CCN(c2ccccc2)CC1,17620.0,inactive,17620.0,4.753994095923971,335.2340000000001,3.9558000000000035,0.0,2.0
72,82,CHEMBL429994,O=C(c1ccc(Cl)c(Cl)c1)N1CCN(c2cccc(Cl)c2)CC1,6050.0,intermediate,6050.0,5.218244625347531,369.6790000000001,4.609200000000004,0.0,2.0
73,83,CHEMBL240105,O=C(c1cccc(Cl)c1)N1CCN(c2cccc(Cl)c2)CC1,6730.0,intermediate,6730.0,5.171984935776023,335.23400000000015,3.9558000000000035,0.0,2.0
74,84,CHEMBL239674,O=C(c1ccc(F)cc1)N1CCN(c2cccc(Cl)c2)CC1,9740.0,intermediate,9740.0,5.011441043121384,318.77900000000005,3.4415000000000022,0.0,2.0
75,85,CHEMBL394433,O=C(c1ccccc1F)N1CCN(c2cccc(Cl)c2)CC1,13870.0,inactive,13870.0,4.857923538926715,318.77900000000005,3.4415000000000022,0.0,2.0
76,86,CHEMBL429275,Cc1ccc(N2CCN(C(=O)c3ccc(C(C)(C)C)cc3)CC2)cc1Cl,100000.0,inactive,100000.0,4.0,370.9240000000001,4.908320000000005,0.0,2.0
77,87,CHEMBL239892,CC(C)(C)c1ccc(C(=O)N2CCN(c3cccc(C(F)(F)F)c3)CC2)cc1,100000.0,inactive,100000.0,4.0,390.44900000000007,4.9653000000000045,0.0,2.0
78,88,CHEMBL239891,CC(C)(C)c1ccc(C(=O)N2CCN(c3cccc(Cl)c3)CC2)cc1,100000.0,inactive,100000.0,4.0,356.89700000000005,4.599900000000004,0.0,2.0
79,89,CHEMBL394432,CC(C)c1ccc(C(=O)N2CCN(c3cccc(Cl)c3)CC2)cc1,100000.0,inactive,100000.0,4.0,342.87000000000006,4.425800000000004,0.0,2.0
80,90,CHEMBL239890,Cc1ccc(C(=O)N2CCN(c3cccc(C(F)(F)F)c3)CC2)cc1C,1850.0,intermediate,1850.0,5.732828271596986,362.39500000000015,4.284640000000004,0.0,2.0
81,91,CHEMBL239673,Cc1ccc(C(=O)N2CCN(c3cccc(Cl)c3)CC2)cc1C,990.0,active,990.0,6.00436480540245,328.84300000000013,3.919240000000003,0.0,2.0
82,92,CHEMBL398032,Cc1cccc(C(=O)N2CCN(c3ccc([N+](=O)[O-])cc3)CC2)c1,15470.0,inactive,15470.0,4.810509686300632,325.3680000000001,2.8656200000000016,0.0,4.0
83,93,CHEMBL239459,Cc1cccc(C(=O)N2CCN(c3cccc(Cl)c3)CC2)c1,9430.0,intermediate,9430.0,5.0254883072626715,314.8160000000001,3.610820000000002,0.0,2.0
84,94,CHEMBL430180,Cc1ccc(C(=O)N2CCN(c3cccc(Cl)c3)CC2)cc1,3070.0,intermediate,3070.0,5.512861624522813,314.8160000000001,3.610820000000002,0.0,2.0
85,95,CHEMBL398031,Cc1ccc(C(=O)N2CCN(c3cccc(C(F)(F)F)c3)CC2)cc1,6260.0,intermediate,6260.0,5.20342566678957,348.3680000000001,3.976220000000003,0.0,2.0
86,96,CHEMBL239457,Cc1ccc(C(=O)N2CCN(c3ccccc3)CC2)cc1,16640.0,inactive,16640.0,4.778846678045295,280.371,2.9574200000000017,0.0,2.0
87,97,CHEMBL240957,O=C(c1ccccc1)N1CCN(C(c2ccc(F)cc2)c2ccc(F)cc2)CC1,2040.0,intermediate,2040.0,5.690369832574101,392.4490000000001,4.512200000000004,0.0,2.0
88,98,CHEMBL240740,Cc1ccc(C(=O)N2CCN(C(c3ccc(F)cc3)c3ccc(F)cc3)CC2)cc1,1890.0,intermediate,1890.0,5.723538195826756,406.47600000000017,4.820620000000004,0.0,2.0
89,99,CHEMBL240739,O=C(c1ccc2[nH]ccc2c1)N1CCN(C(c2ccc(F)cc2)c2ccc(F)cc2)CC1,1040.0,intermediate,1040.0,5.982966660701219,431.48600000000016,4.9935000000000045,1.0,2.0
90,100,CHEMBL216579,O=C(c1ccc2[nH]ccc2c1)N1CCN(C2c3ccccc3-c3ccccc32)CC1,200.0,active,200.0,6.698970004336019,393.4900000000002,4.695700000000004,1.0,2.0
91,101,CHEMBL240533,O=C(c1ccccc1)N1CCN(C2c3ccccc3-c3ccccc32)CC1,90.0,active,90.0,7.045757490560675,354.45300000000015,4.214400000000003,0.0,2.0
92,102,CHEMBL392127,Cc1ccc(C(=O)N2CCN(C3c4ccccc4-c4ccccc43)CC2)cc1,400.0,active,400.0,6.3979400086720375,368.48000000000013,4.522820000000004,0.0,2.0
93,109,CHEMBL250087,NC(=O)c1cc([C@@H]2O[C@H](COP(=O)(O)OP(=O)(O)OC[C@H]3O[C@@H](n4cnc5c(N)ncnc54)[C@H](O)[C@@H]3O)[C@@H](O)[C@H]2O)ccc1Oc1ccccc1,27000.0,inactive,27000.0,4.568636235841013,754.5390000000004,0.03140000000000054,8.0,18.0
94,110,CHEMBL264682,CCCCCCc1ccc(Oc2ccccc2)c(O)c1,11.0,active,11.0,7.958607314841775,270.372,5.307300000000005,1.0,2.0
95,111,CHEMBL264679,CCCCCCc1ccc(Oc2ccccn2)c(O)c1,11500.0,inactive,11500.0,4.939302159646388,271.36,4.702300000000005,1.0,3.0
96,112,CHEMBL258932,CCCCCCc1ccc(Oc2cnccn2)c(O)c1,650.0,active,650.0,6.187086643357144,272.348,4.097300000000003,1.0,4.0
97,113,CHEMBL258931,CCCCCCc1ccc(Oc2ncccn2)c(O)c1,8200.0,intermediate,8200.0,5.086186147616283,272.348,4.097300000000003,1.0,4.0
98,114,CHEMBL259138,CCCCCCc1ccc(Oc2ccncc2)c(O)c1,160.0,active,160.0,6.795880017344075,271.36,4.702300000000005,1.0,3.0
99,115,CHEMBL405655,CCCCCCc1ccc(Oc2cccnc2)c(O)c1,236.0,active,236.0,6.627087997029894,271.36,4.702300000000005,1.0,3.0
100,116,CHEMBL429332,CCCCCCc1ccc(Oc2ncccn2)c(OC)c1,100000000.0,inactive,100000000.0,1.0,286.37500000000006,4.400300000000004,0.0,4.0
101,117,CHEMBL261355,CCCCCCc1ccc(Oc2ccc(CN3CCN(C)CC3)cc2)c(O)c1,306.0,active,306.0,6.51427857351842,382.5480000000001,5.054700000000007,1.0,4.0
102,118,CHEMBL408149,CCCCCCc1ccc(Oc2ccccc2CN2CCN(C)CC2)c(O)c1,1315.0,intermediate,1315.0,5.881074247174223,382.54800000000023,5.054700000000007,1.0,4.0
103,119,CHEMBL260399,CCCCCCc1ccc(Oc2ccc(NC(=O)c3ccno3)cc2)c(O)c1,130.0,active,130.0,6.886056647693163,380.4440000000001,5.547600000000005,2.0,5.0
104,120,CHEMBL405653,CCCCCCc1ccc(Oc2cccc(NC(=O)c3ccno3)c2)c(O)c1,1200.0,intermediate,1200.0,5.920818753952375,380.44400000000013,5.547600000000005,2.0,5.0
105,121,CHEMBL428967,CCCCCCc1ccc(Oc2ccccc2NC(=O)c2ccno2)c(O)c1,3220.0,intermediate,3220.0,5.492144128304169,380.44400000000013,5.5476000000000045,2.0,5.0
106,122,CHEMBL262343,CCCCCCc1ccc(Oc2ccc(NC(=O)C(=O)O)cc2)c(O)c1,1930.0,intermediate,1930.0,5.714442690992226,357.40600000000006,4.330400000000004,3.0,4.0
107,123,CHEMBL263646,CCCCCCc1ccc(Oc2cccc(NC(=O)C(=O)O)c2)c(O)c1,580.0,active,580.0,6.236572006437063,357.4060000000001,4.330400000000004,3.0,4.0
108,124,CHEMBL407324,CCCCCCc1ccc(Oc2ccccc2NC(=O)C(=O)O)c(O)c1,2360.0,intermediate,2360.0,5.627087997029894,357.4060000000001,4.330400000000004,3.0,4.0
109,125,CHEMBL262360,CCCCCCc1ccc(Oc2ccc(NC(C)=O)cc2)c(O)c1,1300.0,intermediate,1300.0,5.886056647693163,327.42400000000004,5.265700000000005,2.0,3.0
110,126,CHEMBL404983,CCCCCCc1ccc(Oc2cccc(NC(C)=O)c2)c(O)c1,5600.0,intermediate,5600.0,5.251811972993799,327.42400000000004,5.265700000000005,2.0,3.0
111,127,CHEMBL264176,CCCCCCc1ccc(Oc2ccccc2NC(C)=O)c(O)c1,1550.0,intermediate,1550.0,5.809668301829708,327.4240000000001,5.265700000000005,2.0,3.0
112,128,CHEMBL264175,CCCCCCc1ccc(Oc2ccc(N)cc2)c(O)c1,55.0,active,55.0,7.259637310505756,285.387,4.889500000000004,2.0,3.0
113,129,CHEMBL404984,CCCCCCc1ccc(Oc2cccc(N)c2)c(O)c1,1090.0,intermediate,1090.0,5.962573502059376,285.387,4.889500000000004,2.0,3.0
114,130,CHEMBL264434,CCCCCCc1ccc(Oc2ccccc2N)c(O)c1,62.0,active,62.0,7.2076083105017466,285.387,4.889500000000005,2.0,3.0
115,131,CHEMBL264417,CCCCCCc1ccc(Oc2ccc([N+](=O)[O-])cc2)c(O)c1,90.0,active,90.0,7.045757490560675,315.369,5.215500000000005,1.0,4.0
116,132,CHEMBL264416,CCCCCCc1ccc(Oc2cccc([N+](=O)[O-])c2)c(O)c1,48.0,active,48.0,7.318758762624412,315.369,5.215500000000005,1.0,4.0
117,133,CHEMBL264415,CCCCCCc1ccc(Oc2ccccc2[N+](=O)[O-])c(O)c1,180.0,active,180.0,6.7447274948966935,315.3690000000001,5.215500000000005,1.0,4.0
118,134,CHEMBL454588,C/C=C(\C)c1cc(O)c(C)c(OC(=O)c2c(/C(C)=C/C)cc(O)c(C)c2O)c1,75000.0,inactive,75000.0,4.1249387366083,382.4560000000001,5.485840000000007,3.0,5.0
119,135,CHEMBL849,Oc1cc(Cl)ccc1Oc1ccc(Cl)cc1Cl,3000.0,intermediate,3000.0,5.522878745280337,289.54499999999996,5.144700000000002,1.0,2.0
120,136,CHEMBL549456,Cc1ccc(OC(=O)c2ccccc2[N+](=O)[O-])c(Br)c1,9550.0,intermediate,9550.0,5.019996628416254,336.141,3.884920000000002,0.0,4.0
121,137,CHEMBL564612,O=C(Nc1cc(Cl)cc(Cl)c1)c1ccccc1[N+](=O)[O-],6170.0,intermediate,6170.0,5.209714835966758,311.1240000000001,4.153900000000002,1.0,3.0
122,138,CHEMBL551621,Cc1ccc(NC(=O)c2sc3ccccc3c2Cl)cc1[N+](=O)[O-],2140.0,intermediate,2140.0,5.669586226650809,346.7950000000001,5.023620000000002,1.0,4.0
123,139,CHEMBL552222,CCN(CC)c1ccc(NC(=O)c2ccccc2[N+](=O)[O-])cc1,4370.0,intermediate,4370.0,5.359518563029578,313.357,3.6933000000000025,1.0,4.0
124,140,CHEMBL540477,Cc1cc(Cl)ccc1OCC(=O)Nc1cccc([N+](=O)[O-])c1C,3470.0,intermediate,3470.0,5.459670525209126,334.7590000000001,3.8825400000000023,1.0,4.0
125,141,CHEMBL550610,CCN(CC)c1ccc(/C=C2/SC(N3CCCCC3)=NC2=O)cc1,6170.0,intermediate,6170.0,5.209714835966758,343.4960000000001,3.9890000000000034,0.0,4.0
126,142,CHEMBL570080,O=C(Nc1cc(Cl)c(Cl)cc1Cl)c1ccccc1[N+](=O)[O-],12020.0,inactive,12020.0,4.92009553233328,345.5690000000001,4.807300000000002,1.0,3.0
127,143,CHEMBL553790,O=[N+]([O-])c1cc(/N=C/c2ccc(Cl)cc2Cl)ccc1Cl,4680.0,intermediate,4680.0,5.329754146925876,329.57000000000005,5.305600000000002,0.0,3.0
128,144,CHEMBL557836,COc1ccc(/C=C2/SC(N3CCC(C)CC3)=NC2=O)cc1OC,10720.0,inactive,10720.0,4.969805214643249,346.45200000000006,3.4060000000000024,0.0,5.0
129,145,CHEMBL561485,COc1ccc(/C=C2/SC(N3CCCCC3)=NC2=O)cc1OC,11480.0,inactive,11480.0,4.940058111938045,332.425,3.160000000000002,0.0,5.0
130,146,CHEMBL558660,COc1cc(NC(=O)c2ccc(C)cc2[N+](=O)[O-])cc(OC)c1,1350.0,intermediate,1350.0,5.8696662315049934,316.31300000000005,3.1727200000000018,1.0,5.0
131,147,CHEMBL539723,COc1ccc(/C=C2\SC(N3CCCCCC3)NC2=O)cc1OC,10960.0,inactive,10960.0,4.96018944585165,348.468,3.0673000000000012,1.0,5.0
132,148,CHEMBL558336,O=C(Nc1ccc(Cl)cc1Cl)c1ccccc1[N+](=O)[O-],19950.0,inactive,19950.0,4.700057099977233,311.1240000000001,4.153900000000002,1.0,3.0
133,149,CHEMBL571677,COc1ccc(/C=C2/SC(N3CCCC3)=NC2=O)cc1OC,7240.0,intermediate,7240.0,5.140261433802853,318.398,2.7699000000000007,0.0,5.0
134,150,CHEMBL554270,CCOC(=O)C1=C(C)N/C(=C/c2cc(OC)ccc2OC)C1=O,3630.0,intermediate,3630.0,5.440093374963888,317.3410000000001,2.0541,1.0,6.0
135,151,CHEMBL565062,COC(=O)c1c(NC(=O)c2ccccc2[N+](=O)[O-])sc2c1CCC2,1820.0,intermediate,1820.0,5.739928612014925,346.3640000000002,3.1839000000000013,1.0,6.0
136,152,CHEMBL558464,CCN(CC)c1ccc(/C=C2/N=C(c3ccccc3)OC2=O)cc1,3310.0,intermediate,3310.0,5.480172006224281,320.39200000000005,3.8773000000000026,0.0,4.0
137,153,CHEMBL560086,Cc1ccc(NC(=O)c2ccccc2[N+](=O)[O-])c(C)c1,10470.0,inactive,10470.0,4.980053318321158,270.288,3.463940000000002,1.0,3.0
138,154,CHEMBL540475,COc1cc(Cl)ccc1NC(=O)c1ccc(C)c([N+](=O)[O-])c1,5010.0,intermediate,5010.0,5.300162274132754,320.7320000000001,3.8175200000000027,1.0,4.0
139,155,CHEMBL551683,Cc1ccc(C(=O)Nc2ccc(Cl)cc2Cl)cc1[N+](=O)[O-],8710.0,intermediate,8710.0,5.059981844992337,325.15100000000007,4.462320000000002,1.0,3.0
140,156,CHEMBL550334,COc1ccc(Cl)cc1NC(=O)c1ccc(Cl)c([N+](=O)[O-])c1,4070.0,intermediate,4070.0,5.39040559077478,341.1500000000001,4.162500000000002,1.0,4.0
141,157,CHEMBL560605,O=C(Nc1cc(Cl)ccc1Cl)c1ccc(Cl)c([N+](=O)[O-])c1,19950.0,inactive,19950.0,4.700057099977233,345.5690000000001,4.8073000000000015,1.0,3.0
142,158,CHEMBL560606,O=C(Nc1ccc(Cl)c(Cl)c1)c1ccc(Cl)c([N+](=O)[O-])c1,52480.0,inactive,52480.0,4.280006173632396,345.5690000000001,4.807300000000002,1.0,3.0
143,159,CHEMBL550333,COc1ccc(Cl)cc1NC(=O)c1ccc(OC)c([N+](=O)[O-])c1,5010.0,intermediate,5010.0,5.300162274132754,336.7310000000001,3.5177000000000014,1.0,5.0
144,160,CHEMBL560684,COc1ccc(C(=O)Nc2cc(Cl)cc(Cl)c2)cc1[N+](=O)[O-],7080.0,intermediate,7080.0,5.149966742310231,341.1500000000001,4.162500000000002,1.0,4.0
145,161,CHEMBL558073,COc1ccc(C(=O)Nc2cc(Cl)ccc2Cl)cc1[N+](=O)[O-],13800.0,inactive,13800.0,4.860120913598763,341.1500000000001,4.162500000000002,1.0,4.0
146,162,CHEMBL539395,COc1ccc(OC)c(/C=N/NC2=CS(=O)(=O)c3ccccc32)c1,5130.0,intermediate,5130.0,5.289882634888183,344.39200000000005,2.4132000000000007,1.0,6.0
147,163,CHEMBL559811,O=C1N=C(Nc2cc(Cl)cc(Cl)c2)S/C1=C/c1ccco1,17780.0,inactive,17780.0,4.750068243365805,339.2030000000001,4.668800000000002,1.0,4.0
148,164,CHEMBL560683,COc1cc(Cl)cc(/C=C2/SC(c3ccccc3)=NC2=O)c1O,10470.0,inactive,10470.0,4.980053318321158,345.8070000000001,4.115300000000004,1.0,4.0
149,165,CHEMBL565129,CCOc1ccc(/C=C2/SC(c3ccccc3)=NC2=O)cc1C,10000.0,inactive,10000.0,5.0,323.4170000000001,4.454820000000003,0.0,3.0
150,166,CHEMBL505886,CCCCCCCCc1ccc(Oc2ccccc2)c(O)c1,5.0,active,5.0,8.301029995663981,298.42600000000004,6.087500000000007,1.0,2.0
151,188,CHEMBL3087017,Cc1csc(C(C)(O)c2nnc(NC(=O)c3ccn(Cc4c(F)cccc4F)n3)s2)n1,34000.0,inactive,34000.0,4.468521082957745,462.5070000000001,3.3341200000000013,2.0,9.0
152,189,CHEMBL3087016,Cc1csc(C(C)(O)c2nnc(NCC3CN(Cc4c(F)cccc4F)C(=O)O3)s2)n1,400.0,active,400.0,6.3979400086720375,467.5230000000002,3.2699200000000017,2.0,9.0
153,190,CHEMBL3087015,Cc1csc(C(C)(O)c2nnc(Nc3cc(C4CC4)n(Cc4c(F)cccc4F)n3)s2)n1,970.0,active,970.0,6.013228265733755,474.56200000000024,4.702820000000003,2.0,9.0
154,191,CHEMBL3088178,Cc1csc(C(C)(O)c2nnc(Nc3nccc(Cc4c(F)cccc4F)n3)s2)n1,2.0,active,2.0,8.698970004336019,446.50800000000015,3.961420000000002,2.0,9.0
155,192,CHEMBL3088177,Cc1csc(C(C)(O)c2nnc(Nc3cccc(Cc4c(F)cccc4F)n3)s2)n1,2.0,active,2.0,8.698970004336019,445.52000000000015,4.566420000000003,2.0,8.0
156,193,CHEMBL3088176,Cc1csc(C(C)(O)c2nnc(NC(=O)Cc3c(F)cccc3F)s2)n1,200.0,active,200.0,6.698970004336019,396.444,3.0182200000000012,2.0,7.0
157,194,CHEMBL3088175,Cc1csc(C(C)(O)c2nnc(Nc3ncn(Cc4c(F)cccc4F)n3)s2)n1,30.0,active,30.0,7.522878745280337,435.4850000000001,3.2204200000000016,2.0,10.0
158,195,CHEMBL3088174,Cc1csc(C(C)(O)c2nnc(Nc3cnn(Cc4c(F)cccc4F)c3)s2)n1,234.0,active,234.0,6.6307841425898575,434.4970000000001,3.825420000000002,2.0,9.0
159,196,CHEMBL3088173,Cc1csc(C(C)(O)c2nnc(Nc3ccn(Cc4c(F)cccc4F)n3)s2)n1,4.0,active,4.0,8.397940008672037,434.4970000000001,3.825420000000002,2.0,9.0
160,197,CHEMBL3088172,Cc1csc([C@](C)(O)c2nnc(Nc3ccn(Cc4c(F)cccc4F)n3)s2)n1,3.0,active,3.0,8.522878745280337,434.4970000000001,3.825420000000002,2.0,9.0
161,198,CHEMBL3088171,COC(=O)c1cnc2ccc(C#N)cc2c1NCCCc1ccccc1,20.0,active,20.0,7.698970004336019,345.40200000000004,3.9377800000000027,1.0,5.0
162,199,CHEMBL3088170,O=C1CC(c2nc3ccccc3n2Cc2ccccc2)CN1C1CCCCC1,1000.0,intermediate,1000.0,6.0,373.5000000000003,4.7332000000000045,0.0,3.0
163,200,CHEMBL1236225,CCCCCCc1ccc(Oc2ccccc2C)c(O)c1,22.0,active,22.0,7.657577319177793,284.399,5.615720000000006,1.0,2.0
164,202,CHEMBL2323585,CC/C(C)=C1\OC(=O)[C@H](C)[C@H](O)[C@H](Cc2cccnc2)NC(=O)[C@@H](NC(=O)c2ncccc2O)[C@@H](C)OC1=O,6000.0,intermediate,6000.0,5.221848749616356,540.5730000000001,1.1776000000000004,4.0,10.0
165,203,CHEMBL3125235,CCc1cc(C(=O)N[C@@H]2C[C@@H](C(=O)NCc3ccccn3)N(C(=O)c3coc4ccccc34)C2)n(CC)n1,2.0,active,2.0,8.698970004336019,514.5860000000002,2.9361000000000006,2.0,7.0
166,204,CHEMBL3125104,CCc1cc(C(=O)N[C@@H]2C[C@@H](C(=O)NCCO)N(C(=O)c3coc4ccccc34)C2)n(CC)n1,3.0,active,3.0,8.522878745280337,467.52600000000024,1.3331999999999993,3.0,7.0
167,205,CHEMBL3125103,CCc1cc(C(=O)N[C@@H]2C[C@@H](C(=O)NCCc3ccccn3)N(C(=O)c3coc4ccccc34)C2)n(CC)n1,4.0,active,4.0,8.397940008672037,528.6130000000002,2.978600000000001,2.0,7.0
168,206,CHEMBL3125102,CCc1cc(C(=O)N[C@@H]2C[C@@H](C(=O)NCc3nc(C)no3)N(C(=O)c3coc4ccccc34)C2)n(CC)n1,4.0,active,4.0,8.397940008672037,519.5620000000002,2.232519999999999,2.0,9.0
169,207,CHEMBL3125101,CCc1cc(C(=O)N[C@@H]2C[C@@H](C(=O)NCc3ccc4c(c3)B(O)OC4)N(C(=O)c3coc4ccccc34)C2)n(CC)n1,2.0,active,2.0,8.698970004336019,569.4270000000001,1.758799999999999,3.0,8.0
170,208,CHEMBL3125270,CCc1cc(C(=O)N[C@@H]2C[C@@H](C(N)=O)N(C(=O)c3coc4ccccc34)C2)n(CC)n1,4.0,active,4.0,8.397940008672037,423.4730000000002,1.7099999999999993,2.0,6.0
171,209,CHEMBL3125269,CCc1cc(C(=O)N[C@@H]2C[C@@H](C(=O)NCC(=O)OC)N(C(=O)c3coc4ccccc34)C2)n(Cc2ccccc2)n1,1000.0,intermediate,1000.0,6.0,557.6070000000003,2.5423,2.0,8.0
172,210,CHEMBL3125268,CCc1cc(C(=O)N[C@@H]2C[C@@H](C(=O)NCC(=O)OC)N(C(=O)c3coc4ccccc34)C2)n(CCO)n1,1000.0,intermediate,1000.0,6.0,511.5350000000003,0.48630000000000134,3.0,9.0
173,211,CHEMBL3125267,CCCn1nc(CC)cc1C(=O)N[C@@H]1C[C@@H](C(=O)NCC(=O)OC)N(C(=O)c2coc3ccccc23)C1,11.0,active,11.0,7.958607314841775,509.56300000000033,1.9040000000000006,2.0,8.0
174,212,CHEMBL3125266,CCc1cc(C(=O)N[C@@H]2C[C@@H](C(=O)NCC(=O)OC)N(C(=O)c3coc4ccccc34)C2)n(CC)n1,3.0,active,3.0,8.522878745280337,495.5360000000003,1.5139,2.0,8.0
175,213,CHEMBL3125265,COC(=O)CNC(=O)[C@@H]1C[C@@H](NC(=O)c2cc(C3CC3)nn2C)CN1C(=O)c1coc2ccccc12,15.0,active,15.0,7.823908740944319,493.5200000000003,1.346000000000001,2.0,8.0
176,214,CHEMBL3125264,COC(=O)CNC(=O)[C@@H]1C[C@@H](NC(=O)c2cc(CC(C)C)nn2C)CN1C(=O)c1coc2ccccc12,1000.0,intermediate,1000.0,6.0,509.5630000000003,1.6671000000000007,2.0,8.0
177,215,CHEMBL3125263,CCCc1cc(C(=O)N[C@@H]2C[C@@H](C(=O)NCC(=O)OC)N(C(=O)c3coc4ccccc34)C2)n(C)n1,22.0,active,22.0,7.657577319177793,495.53600000000023,1.4210999999999998,2.0,8.0
178,216,CHEMBL3125262,CCc1cc(C(=O)N[C@@H]2C[C@@H](C(=O)NCc3ccc(C)o3)N(C(=O)c3coc4ccccc34)C2)n(C)n1,21.0,active,21.0,7.6777807052660805,503.5590000000003,2.959620000000001,2.0,7.0
179,217,CHEMBL3125261,CCc1cc(C(=O)N[C@@H]2C[C@@H](C(=O)NCc3nc4ccccc4o3)N(C(=O)c3coc4ccccc34)C2)n(C)n1,3.0,active,3.0,8.522878745280337,540.5800000000002,3.1994000000000007,2.0,8.0
180,218,CHEMBL3125260,CCc1cc(C(=O)N[C@@H]2C[C@@H](C(=O)NCc3nc(C)no3)N(C(=O)c3coc4ccccc34)C2)n(C)n1,7.0,active,7.0,8.154901959985743,505.53500000000025,1.749619999999999,2.0,9.0
181,219,CHEMBL3125259,CCc1cc(C(=O)N[C@@H]2C[C@@H](C(=O)NCc3ncco3)N(C(=O)c3coc4ccccc34)C2)n(C)n1,5.0,active,5.0,8.301029995663981,490.52000000000027,2.0461999999999994,2.0,8.0
182,220,CHEMBL3125258,CCc1cc(C(=O)N[C@@H]2C[C@@H](C(=O)NCc3nccs3)N(C(=O)c3coc4ccccc34)C2)n(C)n1,17.0,active,17.0,7.769551078621726,506.58800000000025,2.5146999999999995,2.0,8.0
183,221,CHEMBL3125257,CCc1cc(C(=O)N[C@@H]2C[C@@H](C(=O)NCc3ccn(CC)n3)N(C(=O)c3coc4ccccc34)C2)n(C)n1,32.0,active,32.0,7.494850021680094,517.5900000000003,2.2745999999999986,2.0,8.0
184,222,CHEMBL3125256,CCc1cc(C(=O)N[C@@H]2C[C@@H](C(=O)Nc3ccn(Cc4c(F)cccc4F)n3)N(C(=O)c3coc4ccccc34)C2)n(C)n1,4.0,active,4.0,8.397940008672037,601.614,3.903500000000003,2.0,8.0
185,223,CHEMBL3125255,CCc1cc(C(=O)N[C@@H]2C[C@@H](C(=O)Nc3ccn(Cc4ccc(F)cc4)n3)N(C(=O)c3coc4ccccc34)C2)n(C)n1,5.0,active,5.0,8.301029995663981,583.624,3.764400000000003,2.0,8.0
186,224,CHEMBL3125254,CCc1cc(C(=O)N[C@@H]2C[C@@H](C(=O)Nc3ccn(CC4CCCCC4)n3)N(C(=O)c3coc4ccccc34)C2)n(C)n1,1000.0,intermediate,1000.0,6.0,571.6820000000002,4.157300000000003,2.0,8.0
187,225,CHEMBL3125253,CCc1cc(C(=O)N[C@@H]2C[C@@H](C(=O)Nc3cnn(CC)n3)N(C(=O)c3coc4ccccc34)C2)n(C)n1,3.0,active,3.0,8.522878745280337,504.55100000000033,1.991899999999999,2.0,9.0
188,226,CHEMBL3125252,CCc1cc(C(=O)N[C@@H]2C[C@@H](C(=O)Nc3ccn(C)n3)N(C(=O)c3coc4ccccc34)C2)n(C)n1,7.0,active,7.0,8.154901959985743,489.5360000000003,2.113999999999999,2.0,8.0
189,227,CHEMBL3125251,CCc1cc(C(=O)N[C@@H]2C[C@@H](C(=O)Nc3nc(C)co3)N(C(=O)c3coc4ccccc34)C2)n(C)n1,9.0,active,9.0,8.045757490560675,490.52000000000027,2.676920000000001,2.0,8.0
190,228,CHEMBL3125250,CCc1cc(C(=O)N[C@@H]2C[C@@H](C(=O)Nc3cc(C)on3)N(C(=O)c3coc4ccccc34)C2)n(C)n1,18.0,active,18.0,7.7447274948966935,490.52000000000027,2.676920000000001,2.0,8.0
191,229,CHEMBL3125249,CCc1cc(C(=O)N[C@@H]2C[C@@H](C(=O)NCCc3ccccn3)N(C(=O)c3coc4ccccc34)C2)n(C)n1,25.0,active,25.0,7.6020599913279625,514.5860000000002,2.4957000000000003,2.0,7.0
192,230,CHEMBL3125248,CCc1cc(C(=O)N[C@@H]2C[C@@H](C(=O)N[C@H](CO)Cc3ccccc3)N(C(=O)c3coc4ccccc34)C2)n(C)n1,112.0,active,112.0,6.950781977329818,543.6240000000001,2.4616,3.0,7.0
193,231,CHEMBL3125247,CCc1cc(C(=O)N[C@@H]2C[C@@H](C(=O)NCCc3ccc(F)cc3)N(C(=O)c3coc4ccccc34)C2)n(C)n1,6.0,active,6.0,8.221848749616356,531.5880000000002,3.2398000000000016,2.0,6.0
194,232,CHEMBL3125246,CCc1cc(C(=O)N[C@@H]2C[C@@H](C(=O)NCC3OB(O)c4ccccc43)N(C(=O)c3coc4ccccc34)C2)n(C)n1,35.0,active,35.0,7.455931955649724,555.4000000000001,1.3170000000000002,3.0,8.0
195,233,CHEMBL3125245,CCc1cc(C(=O)N[C@@H]2C[C@@H](C(=O)Nc3ccc4c(c3)B(O)OC4)N(C(=O)c3coc4ccccc34)C2)n(C)n1,26.0,active,26.0,7.585026652029182,541.3730000000002,1.5981999999999998,3.0,8.0
196,234,CHEMBL3125244,CCc1cc(C(=O)N[C@@H]2C[C@@H](C(=O)Nc3ccccn3)N(C(=O)c3coc4ccccc34)C2)n(C)n1,11.0,active,11.0,7.958607314841775,486.53200000000027,2.775500000000001,2.0,7.0
197,235,CHEMBL3125243,CCc1cc(C(=O)N[C@@H]2C[C@@H](C(=O)NCc3cnc(C)cn3)N(C(=O)c3coc4ccccc34)C2)n(C)n1,22.0,active,22.0,7.657577319177793,515.5740000000003,2.1566199999999984,2.0,8.0
198,236,CHEMBL3125242,CCc1cc(C(=O)N[C@@H]2C[C@@H](C(=O)NCc3ccc(F)c(F)c3)N(C(=O)c3coc4ccccc34)C2)n(C)n1,9.0,active,9.0,8.045757490560675,535.5510000000002,3.336400000000001,2.0,6.0
199,237,CHEMBL3125241,CCc1cc(C(=O)N[C@@H]2C[C@@H](C(=O)NCc3ccc(C(F)(F)F)cc3)N(C(=O)c3coc4ccccc34)C2)n(C)n1,42.0,active,42.0,7.376750709602099,567.568,4.077000000000003,2.0,6.0
200,238,CHEMBL3125240,CCc1cc(C(=O)N[C@@H]2C[C@@H](C(=O)NCc3ccc(OC(F)(F)F)cc3)N(C(=O)c3coc4ccccc34)C2)n(C)n1,5.0,active,5.0,8.301029995663981,583.567,3.956800000000003,2.0,7.0
201,239,CHEMBL3125239,CCc1cc(C(=O)N[C@@H]2C[C@@H](C(=O)NCc3ccccc3)N(C(=O)c3coc4ccccc34)C2)n(C)n1,41.0,active,41.0,7.3872161432802645,499.57100000000025,3.058200000000001,2.0,6.0
202,240,CHEMBL3125238,CCc1cc(C(=O)N[C@@H]2C[C@@H](C(=O)NC3CCCC3)N(C(=O)c3coc4ccccc34)C2)n(C)n1,40.0,active,40.0,7.3979400086720375,477.5650000000002,2.8006,2.0,6.0
203,241,CHEMBL3125237,CCc1cc(C(=O)N[C@@H]2C[C@@H](C(=O)NCC3CCCO3)N(C(=O)c3coc4ccccc34)C2)n(C)n1,45.0,active,45.0,7.346787486224656,493.56400000000025,2.036999999999999,2.0,7.0
204,242,CHEMBL3125236,CCc1cc(C(=O)N[C@@H]2C[C@@H](C(=O)NC3CCOC3=O)N(C(=O)c3coc4ccccc34)C2)n(C)n1,80.0,active,80.0,7.096910013008056,493.52000000000027,1.173499999999999,2.0,8.0
205,243,CHEMBL3125286,CCc1cc(C(=O)N[C@@H]2C[C@@H](C(=O)NCCNC(C)=O)N(C(=O)c3coc4ccccc34)C2)n(C)n1,20.0,active,20.0,7.698970004336019,494.55200000000025,0.9941000000000011,3.0,7.0
206,244,CHEMBL3125285,CCOC(=O)CCNC(=O)[C@@H]1C[C@@H](NC(=O)c2cc(CC)nn2C)CN1C(=O)c1coc2ccccc12,22.0,active,22.0,7.657577319177793,509.56300000000033,1.8112000000000004,2.0,8.0
207,245,CHEMBL3125284,CCc1cc(C(=O)N[C@@H]2C[C@@H](C(=O)NCCN(C)C)N(C(=O)c3coc4ccccc34)C2)n(C)n1,170.0,active,170.0,6.769551078621726,480.56900000000024,1.4196000000000006,2.0,7.0
208,246,CHEMBL3125283,CCc1cc(C(=O)N[C@@H]2C[C@@H](C(=O)NCCOC)N(C(=O)c3coc4ccccc34)C2)n(C)n1,14.0,active,14.0,7.853871964321762,467.5260000000002,1.5044,2.0,7.0
209,247,CHEMBL3125282,CCCNC(=O)[C@@H]1C[C@@H](NC(=O)c2cc(CC)nn2C)CN1C(=O)c1coc2ccccc12,21.0,active,21.0,7.6777807052660805,451.5270000000002,2.268,2.0,6.0
210,248,CHEMBL3125281,CCc1cc(C(=O)N[C@@H]2C[C@@H](C(=O)NCC(F)(F)F)N(C(=O)c3coc4ccccc34)C2)n(C)n1,46.0,active,46.0,7.337242168318426,491.4700000000002,2.4203,2.0,6.0
211,249,CHEMBL3125280,CCc1cc(C(=O)N[C@@H]2C[C@@H](C(=O)N(CC)CC)N(C(=O)c3coc4ccccc34)C2)n(C)n1,948.0,active,948.0,6.023191662661934,465.5540000000002,2.6102,1.0,6.0
212,250,CHEMBL3125279,CCc1cc(C(=O)N[C@@H]2C[C@@H](C(N)=O)N(C(=O)c3coc4ccccc34)C2)n(C)n1,12.0,active,12.0,7.920818753952375,409.44600000000014,1.2270999999999994,2.0,6.0
213,251,CHEMBL3125278,CCNC[C@@H]1C[C@@H](NC(=O)c2cc(CC)nn2C)CN1C(=O)c1coc2ccccc12,440.0,active,440.0,6.356547323513812,423.51700000000017,2.3513,2.0,6.0
214,252,CHEMBL3125271,CCNC(=O)[C@@H]1C[C@@H](NC(=O)c2cc(CC)nn2C)CN1C(=O)c1ccc2occc2c1,74.0,active,74.0,7.130768280269024,437.50000000000017,1.8779000000000003,2.0,6.0
215,253,CHEMBL3125274,CCc1cc(C(=O)N[C@@H]2C[C@@H](C(=O)OC)N(C(=O)c3coc4ccccc34)C2)n(C)n1,215.0,active,215.0,6.667561540084395,424.45700000000016,1.9148,1.0,7.0
216,254,CHEMBL3125272,CCNC(=O)[C@@H]1C[C@@H](NC(=O)c2cc(CC)nn2C)CN1C(=O)c1coc2ccccc12,34.0,active,34.0,7.468521082957745,437.50000000000017,1.8778999999999997,2.0,6.0
217,255,CHEMBL3125273,CCNC(=O)[C@@H]1C[C@@H](NC(=O)c2cc(CC)nn2C)CN1C(=O)c1ccc2sccc2c1,121.0,active,121.0,6.91721462968355,453.56800000000015,2.3464,2.0,6.0
218,256,CHEMBL3125275,CCc1cc(C(=O)N[C@@H]2C[C@@H](C(=O)O)N(C(=O)c3coc4ccccc34)C2)n(C)n1,1290.0,intermediate,1290.0,5.889410289700751,410.4300000000001,1.8263999999999998,2.0,6.0
219,257,CHEMBL3125276,CCc1cc(C(=O)N[C@@H]2C[C@@H](C(=O)NCC(=O)OC)N(C(=O)c3coc4ccccc34)C2)n(C)n1,5.0,active,5.0,8.301029995663981,481.50900000000024,1.0310000000000001,2.0,8.0
220,258,CHEMBL3125277,CCc1cc(C(=O)N[C@@H]2CCN(C(=O)c3coc4ccccc34)C2)n(C)n1,120.0,active,120.0,6.920818753952375,366.42100000000005,2.3732000000000006,1.0,5.0
221,259,CHEMBL3319431,CCCc1cc(-c2nc(-c3ccncc3)cs2)ccn1,50000.0,inactive,50000.0,4.301029995663981,281.384,4.219600000000003,0.0,4.0
222,260,CHEMBL374478,CO[C@H]1/C=C/O[C@@]2(C)Oc3c(C)c(O)c4c(O)c(c(/C=N/N5CCN(C)CC5)c(O)c4c3C2=O)NC(=O)/C(C)=C\C=C\[C@H](C)[C@H](O)[C@@H](C)[C@@H](O)[C@@H](C)[C@H](OC(C)=O)[C@@H]1C,30.0,active,30.0,7.522878745280337,822.9530000000003,4.335420000000004,6.0,15.0
223,261,CHEMBL3335464,COCCN(C1CCN(Cc2c(-c3ccccc3)[nH]c3c(C)cccc23)C1)S(C)(=O)=O,100000.0,inactive,100000.0,4.0,441.5970000000002,3.6256200000000023,1.0,4.0
224,262,CHEMBL3335466,O=S(=O)(NC1CCN(Cc2ccncc2)CC1)c1ccc(-n2cccn2)cc1,100000.0,inactive,100000.0,4.0,397.5040000000001,2.2101999999999995,1.0,6.0
225,264,CHEMBL3343858,O=C(Cn1c(=O)oc2cc([N+](=O)[O-])ccc21)NCc1ccccn1,8230.0,intermediate,8230.0,5.08460016478773,328.284,1.2141,1.0,7.0
226,265,CHEMBL3343865,O=C(Cn1c(=O)oc2cc(Cl)ccc21)Nc1ncc([N+](=O)[O-])s1,6820.0,intermediate,6820.0,5.166215625343521,354.73100000000005,2.2512999999999996,1.0,8.0
227,266,CHEMBL3343866,O=C(Cn1c(=O)oc2cc([N+](=O)[O-])ccc21)Nc1ncc([N+](=O)[O-])s1,5120.0,intermediate,5120.0,5.29073003902417,365.2830000000001,1.5060999999999998,1.0,10.0
228,267,CHEMBL3343868,O=C(Cn1c(=O)oc2cc(Cl)ccc21)Nc1nc2ccccc2s1,8900.0,intermediate,8900.0,5.050609993355087,359.79400000000004,3.4963000000000015,1.0,6.0
229,268,CHEMBL3343869,O=C(Cn1c(=O)oc2cc([N+](=O)[O-])ccc21)Nc1nc2ccccc2s1,7620.0,intermediate,7620.0,5.1180450286604,370.34600000000006,2.751100000000001,1.0,8.0
230,269,CHEMBL3343873,O=C(Cn1c(=O)oc2ccccc21)Nc1cc(Cl)ccc1Cl,22120.0,inactive,22120.0,4.65521487736734,337.16200000000003,3.540000000000002,1.0,4.0
231,270,CHEMBL1449844,O=C(Cn1c(=O)oc2ccccc21)Nc1cccc(Cl)c1,25000.0,inactive,25000.0,4.6020599913279625,302.717,2.8866000000000005,1.0,4.0
232,271,CHEMBL3343874,O=C(Cn1c(=O)oc2ccccc21)Nc1ccc(Cl)c(Cl)c1,25000.0,inactive,25000.0,4.6020599913279625,337.16200000000003,3.540000000000002,1.0,4.0
233,272,CHEMBL3331278,Cc1nc2ccc(Cl)cc2c(=O)n1CC(=O)Nc1ccccc1,3120.0,intermediate,3120.0,5.505845405981558,327.771,2.997020000000001,1.0,4.0
234,273,CHEMBL3331277,Cc1nc2ccccc2c(=O)n1CC(=O)Nc1ccccc1,8920.0,intermediate,8920.0,5.049635145623877,293.32599999999996,2.3436200000000005,1.0,4.0
235,274,CHEMBL3331276,O=C(Cn1cnc2ccc(Cl)cc2c1=O)NCc1cccs1,7120.0,intermediate,7120.0,5.147520006363144,333.8,2.4278000000000004,1.0,5.0
236,276,CHEMBL3331275,O=C(Cn1cnc2ccc(Cl)cc2c1=O)NCc1ccco1,3120.0,intermediate,3120.0,5.505845405981558,317.732,1.9592999999999998,1.0,5.0
237,278,CHEMBL3331274,O=C(Cn1cnc2ccc(Cl)cc2c1=O)Nc1cc(C(F)(F)F)ccc1Cl,4560.0,intermediate,4560.0,5.341035157335565,416.18600000000004,4.360800000000002,1.0,4.0
238,279,CHEMBL3331273,O=C(Cn1cnc2ccccc2c1=O)Nc1cc(C(F)(F)F)ccc1Cl,8160.0,intermediate,8160.0,5.088309841246139,381.741,3.7074000000000025,1.0,4.0
239,280,CHEMBL3331272,O=C(Cn1cnc2ccc(Cl)cc2c1=O)Nc1ccccc1,7780.0,intermediate,7780.0,5.109020403010311,313.74399999999997,2.688600000000001,1.0,4.0
240,282,CHEMBL3331279,Cc1nc2ccccc2c(=O)n1CC(=O)Nc1cc(C(C)(F)F)ccc1Cl,9060.0,intermediate,9060.0,5.042871802323186,391.80499999999995,4.1087200000000035,1.0,4.0
241,283,CHEMBL3331280,Cc1nc2ccc(Cl)cc2c(=O)n1CC(=O)Nc1cc(C(C)(F)F)ccc1Cl,7160.0,intermediate,7160.0,5.145086977692144,426.2500000000001,4.762120000000003,1.0,4.0
242,284,CHEMBL3331281,Cc1nc2ccccc2c(=O)n1CC(=O)NCc1ccco1,6860.0,intermediate,6860.0,5.163675884293248,297.31399999999996,1.61432,1.0,5.0
243,285,CHEMBL3331282,Cc1nc2ccc(Cl)cc2c(=O)n1CC(=O)NCc1ccco1,4520.0,intermediate,4520.0,5.3448615651886175,331.75900000000007,2.2677200000000006,1.0,5.0
244,286,CHEMBL3331283,Cc1nc2ccccc2c(=O)n1CC(=O)NCc1cccs1,6010.0,intermediate,6010.0,5.221125527997261,313.38199999999995,2.08282,1.0,5.0
245,287,CHEMBL3331284,Cc1nc2ccc(Cl)cc2c(=O)n1CC(=O)NCc1cccs1,6760.0,intermediate,6760.0,5.170053304058364,347.82700000000006,2.736220000000001,1.0,5.0
246,295,CHEMBL3331292,Cc1nc2ccc(Cl)cc2c(=O)n1CC(=O)NCc1nc2ccccc2s1,8360.0,intermediate,8360.0,5.077793722560983,398.8750000000001,3.2844200000000017,1.0,6.0
247,296,CHEMBL3331293,O=C(Cn1cnc2ccccc2c1=O)NCc1nc2ccc([N+](=O)[O-])cc2s1,5120.0,intermediate,5120.0,5.29073003902417,395.4000000000001,2.2308000000000003,1.0,8.0
248,298,CHEMBL3331295,Cc1nc2ccccc2c(=O)n1CC(=O)NCc1nc2ccc([N+](=O)[O-])cc2s1,6160.0,intermediate,6160.0,5.210419287835575,409.4270000000001,2.5392200000000003,1.0,8.0
249,300,CHEMBL3393978,O=C(/C=C/c1ccccc1)N1CCN(C(c2ccccc2)c2ccccc2)CC1,50000.0,inactive,50000.0,4.301029995663981,382.5070000000001,4.633600000000004,0.0,2.0
250,301,CHEMBL486730,O=S(=O)(c1ccccc1)N1CCN(C(c2ccccc2)c2ccccc2)CC1,50000.0,inactive,50000.0,4.301029995663981,392.5240000000001,3.7825000000000033,0.0,3.0
251,302,CHEMBL3393977,O=C(c1cc(F)ccc1F)N1CCN(C(c2ccccc2)c2ccccc2)CC1,50000.0,inactive,50000.0,4.301029995663981,392.4490000000001,4.5122000000000035,0.0,2.0
252,303,CHEMBL3393976,O=C(c1ccc(F)cc1)N1CCN(C(c2ccccc2)c2ccccc2)CC1,50000.0,inactive,50000.0,4.301029995663981,374.4590000000001,4.3731000000000035,0.0,2.0
253,304,CHEMBL3393975,O=C(c1ccc(Cl)cc1)N1CCN(C(c2ccccc2)c2ccccc2)CC1,50000.0,inactive,50000.0,4.301029995663981,390.91400000000016,4.887400000000005,0.0,2.0
254,305,CHEMBL3393974,Cc1ccc(C(=O)N2CCN(C(c3ccccc3)c3ccccc3)CC2)cc1,7830.0,intermediate,7830.0,5.106238237942057,370.49600000000015,4.5424200000000035,0.0,2.0
255,306,CHEMBL3393973,COc1ccc(C(=O)N2CCN(C(c3ccccc3)c3ccccc3)CC2)cc1,50000.0,inactive,50000.0,4.301029995663981,386.4950000000001,4.242600000000004,0.0,3.0
256,307,CHEMBL3393972,O=C(c1ccccc1)N1CCN(C(c2ccccc2)c2ccccc2)CC1,16030.0,inactive,16030.0,4.795066477645856,356.4690000000001,4.2340000000000035,0.0,2.0
257,308,CHEMBL3393971,c1ccc(CN2CCN(C3c4ccccc4-c4ccccc43)CC2)cc1,50000.0,inactive,50000.0,4.301029995663981,340.47000000000014,4.574200000000004,0.0,2.0
258,309,CHEMBL3393970,O=C(CN1CCN(C2c3ccccc3-c3ccccc32)CC1)Nc1ccccc1,50000.0,inactive,50000.0,4.301029995663981,383.4950000000002,4.012700000000002,1.0,3.0
259,310,CHEMBL3393969,O=C(/C=C/c1ccccc1)N1CCN(C2c3ccccc3-c3ccccc32)CC1,50000.0,inactive,50000.0,4.301029995663981,380.49100000000016,4.614000000000004,0.0,2.0
260,311,CHEMBL3393968,Cc1ccccc1S(=O)(=O)N1CCN(C2c3ccccc3-c3ccccc32)CC1,50000.0,inactive,50000.0,4.301029995663981,404.53500000000014,4.071320000000003,0.0,3.0
261,312,CHEMBL3393967,O=S(=O)(c1ccccc1)N1CCN(C2c3ccccc3-c3ccccc32)CC1,19960.0,inactive,19960.0,4.699839463048647,390.50800000000015,3.762900000000003,0.0,3.0
262,313,CHEMBL3393966,O=C(c1ccncc1)N1CCN(C2c3ccccc3-c3ccccc32)CC1,9770.0,intermediate,9770.0,5.0101054362812265,355.44100000000014,3.6094000000000026,0.0,3.0
263,314,CHEMBL3393965,O=C(c1cc(F)ccc1F)N1CCN(C2c3ccccc3-c3ccccc32)CC1,1570.0,intermediate,1570.0,5.804100347590766,390.43300000000016,4.492600000000005,0.0,2.0
264,315,CHEMBL3393964,O=C(c1ccccc1F)N1CCN(C2c3ccccc3-c3ccccc32)CC1,361.0,active,361.0,6.442492798094342,372.44300000000015,4.353500000000004,0.0,2.0
265,316,CHEMBL3393963,O=C(c1cccc(F)c1)N1CCN(C2c3ccccc3-c3ccccc32)CC1,240.0,active,240.0,6.619788758288394,372.44300000000015,4.353500000000004,0.0,2.0
266,317,CHEMBL3393962,Cc1ccccc1C(=O)N1CCN(C2c3ccccc3-c3ccccc32)CC1,5990.0,intermediate,5990.0,5.2225731776106885,368.48000000000013,4.522820000000004,0.0,2.0
267,318,CHEMBL3393961,Cc1cccc(C(=O)N2CCN(C3c4ccccc4-c4ccccc43)CC2)c1,250.0,active,250.0,6.6020599913279625,368.48000000000013,4.522820000000004,0.0,2.0
268,319,CHEMBL3393960,O=C(c1ccc([N+](=O)[O-])cc1)N1CCN(C2c3ccccc3-c3ccccc32)CC1,50000.0,inactive,50000.0,4.301029995663981,399.45000000000016,4.122600000000003,0.0,4.0
269,320,CHEMBL1223644,O=C(c1ccc(F)cc1)N1CCN(C2c3ccccc3-c3ccccc32)CC1,397.0,active,397.0,6.401209493236885,372.44300000000015,4.353500000000004,0.0,2.0
270,321,CHEMBL3393959,O=C(c1ccc(Cl)cc1)N1CCN(C2c3ccccc3-c3ccccc32)CC1,1690.0,intermediate,1690.0,5.772113295386326,388.8980000000002,4.867800000000004,0.0,2.0
271,323,CHEMBL3393958,COc1ccc(C(=O)N2CCN(C3c4ccccc4-c4ccccc43)CC2)cc1,2900.0,intermediate,2900.0,5.5376020021010435,384.47900000000016,4.223000000000003,0.0,3.0
272,325,CHEMBL3956359,C/C(CCC(=O)Nc1ccc(F)cc1)=N\NC(=O)c1ccc(-n2cccc2)cc1,7690.0,intermediate,7690.0,5.114073660198569,392.4340000000001,4.141000000000003,2.0,4.0
273,326,CHEMBL3983875,O=C(c1ccc2[nH]ccc2c1)N1CCN(C2c3cc(Br)ccc3-c3ccc(Br)cc32)CC1,120.0,active,120.0,6.920818753952375,551.2819999999999,6.220700000000004,1.0,2.0
274,327,CHEMBL3986551,O=C(c1ccc2[nH]ccc2c1)N1CCN(C2c3ccccc3-c3cc([N+](=O)[O-])ccc32)CC1,130.0,active,130.0,6.886056647693163,438.48700000000025,4.603900000000004,1.0,4.0
275,328,CHEMBL3960902,O=C(c1ccc2[nH]ccc2c1)N1CCN(C2c3ccccc3-c3ccc([N+](=O)[O-])cc32)CC1,120.0,active,120.0,6.920818753952375,438.48700000000025,4.603900000000004,1.0,4.0
276,330,CHEMBL4126901,Fc1ccccc1-c1cc(CNCCc2ccc(Br)cc2)c2cnc3cc(Cl)ccc3n12,48000.0,inactive,48000.0,4.318758762624412,508.8220000000001,7.041800000000005,1.0,3.0
277,331,CHEMBL4125737,Fc1ccccc1-c1cc(CNCc2ccccc2)c2cnc3cc(Br)ccc3n12,54000.0,inactive,54000.0,4.267606240177032,460.3500000000001,6.345900000000004,1.0,3.0
278,333,CHEMBL4166541,Cc1cc(C)n(Cc2ccc(C(=O)NCc3ccc(F)cc3Cl)cc2)n1,40.0,active,40.0,7.3979400086720375,371.843,4.2707400000000035,1.0,3.0
279,335,CHEMBL405973,Oc1cc(Cc2ccccc2)ccc1Oc1ccc(Cl)cc1Cl,51.0,active,51.0,7.292429823902063,345.225,6.082100000000003,1.0,2.0
280,336,CHEMBL428260,Oc1cc(CC2CCCCC2)ccc1Oc1ccc(Cl)cc1Cl,110.0,active,110.0,6.958607314841775,351.273,6.614100000000005,1.0,2.0
281,337,CHEMBL260061,Oc1cc(CCc2ccccc2)ccc1Oc1ccc(Cl)cc1Cl,21.0,active,21.0,7.6777807052660805,359.25200000000007,6.276500000000004,1.0,2.0
282,338,CHEMBL3360252,CCCCCCc1ccc(Oc2ccccc2C#N)c(O)c1,235.6,active,235.6,6.6278247138849355,295.382,5.1789800000000055,1.0,3.0
283,339,CHEMBL4177124,CCCCCCc1ccc(Oc2ccccc2Br)c(O)c1,10.0,active,10.0,8.0,349.26800000000003,6.069800000000005,1.0,2.0
284,341,CHEMBL4162007,CCCCCCc1ccc(Oc2ccccc2Cl)c(O)c1,49.0,active,49.0,7.309803919971486,304.817,5.9607000000000046,1.0,2.0
285,342,CHEMBL4174518,NC(=O)c1c[n+]([C@@H]2O[C@H](COP(=O)(O)OP(=O)(O)OC[C@H]3O[C@@H](n4cnc5c(N)ncnc54)[C@H](O)[C@@H]3O)[C@@H](O)[C@H]2O)ccc1C(=O)c1ccncc1,19.0,active,19.0,7.721246399047171,769.5340000000004,-2.3898999999999955,8.0,19.0
286,347,CHEMBL3597020,CC1(C)CCC(Cc2cc(O)c(-c3ccccc3)c(=O)[nH]2)CC1,570.0,active,570.0,6.2441251443275085,311.42500000000007,4.506400000000005,2.0,2.0
287,355,CHEMBL4174928,Cc1csc(C(C)(O)c2n[nH]/c(=N\C(=O)c3c(F)cccc3F)s2)n1,200.0,active,200.0,6.698970004336019,382.41700000000003,2.5112200000000007,2.0,6.0
288,356,CHEMBL4167661,CNC(=O)CN1CCN(C(=O)[C@H]2CC[C@@H](NC(=O)Cc3sc4ccccc4c3C)CC2)[C@@H](Cc2ccccc2)C1=O,65.0,active,65.0,7.187086643357144,574.7470000000004,3.455320000000003,2.0,5.0
289,357,CHEMBL4176028,CNC(=O)CN(Cc1ccc(F)cc1)C(=O)[C@H]1CC[C@@H](NC(=O)Cc2sc3ccccc3c2C)CC1,600.0,active,600.0,6.221848749616356,509.64700000000033,4.341120000000003,2.0,4.0
290,358,CHEMBL4163172,CNC(=O)c1cnc(NC2CCN(c3ccccn3)CC2)c(NCc2ccc(F)c(Oc3ccccc3)c2)c1,297.0,active,297.0,6.527243550682788,526.6160000000003,5.460600000000005,3.0,7.0
291,359,CHEMBL4163218,CNC(=O)CN(C(=O)Cc1ccc(-n2cccn2)cc1)C1CCN(c2ccccn2)CC1,5900.0,intermediate,5900.0,5.229147988357856,432.52800000000025,2.053399999999998,1.0,6.0
292,360,CHEMBL4167466,CNC(=O)[C@@H]1C[C@H](NC(=O)[C@@H](NC(=O)c2ccc(Cn3cccn3)cc2)[C@@H](C)OC(C)(C)C)CN1C(=O)c1ccccc1,12000.0,inactive,12000.0,4.920818753952375,588.7090000000003,2.3789000000000025,3.0,7.0
293,361,CHEMBL3742313,O=c1[nH]c(CC2CCCCC2)cc(O)c1-c1ccccc1,590.0,active,590.0,6.229147988357855,283.371,3.870300000000003,2.0,2.0
294,363,CHEMBL2323583,CC(C)[C@H]1OC(=O)[C@H](C)[C@H](O)[C@H](Cc2cccnc2)NC(=O)[C@@H](NC(=O)c2ncccc2O)[C@@H](C)OC1=O,32800.0,inactive,32800.0,4.484126156288321,528.5620000000002,0.5182000000000009,4.0,10.0
295,365,CHEMBL4454539,CC[C@H]1OC(=O)[C@H](C)[C@H](O)[C@H](Cc2cccnc2)NC(=O)[C@@H](NC(=O)c2ncccc2O)[C@@H](C)OC1=O,127000.0,inactive,127000.0,3.896196279044043,514.5350000000002,0.2722000000000008,4.0,10.0
296,366,CHEMBL4564729,C[C@H]1OC(=O)[C@@H](C2CCCCC2)OC(=O)[C@H](C)[C@H](O)[C@H](Cc2cccnc2)NC(=O)[C@H]1NC(=O)c1ncccc1O,11100.0,inactive,11100.0,4.954677021213342,568.6270000000002,1.4424999999999997,4.0,10.0
297,367,CHEMBL4548115,CC[C@@H](C)[C@H]1OC(=O)[C@H](C)[C@H](O)[C@H](Cc2cccnc2)NC(=O)[C@@H](NC(=O)c2ncccc2O)[C@@H](C)OC1=O,31500.0,inactive,31500.0,4.501689446210399,542.5890000000002,0.9083000000000006,4.0,10.0
298,368,CHEMBL4575301,CC[C@H](C)[C@H]1OC(=O)[C@H](C)[C@H](O)[C@H](Cc2cccnc2)NC(=O)[C@@H](NC(=O)c2ncccc2O)[C@@H](C)OC1=O,87200.0,inactive,87200.0,4.059483515067432,542.5890000000002,0.9083000000000006,4.0,10.0
299,369,CHEMBL4565976,C[C@H]1OC(=O)[C@@H](Cc2ccccc2)OC(=O)[C@H](C)[C@H](O)[C@H](Cc2cccnc2)NC(=O)[C@H]1NC(=O)c1ncccc1O,29120.0,inactive,29120.0,4.535808629359001,576.6060000000002,1.1049000000000002,4.0,10.0
300,375,CHEMBL4557187,C[C@@H]1C(=O)N[C@H](C2CCCCC2)C(=O)O[C@H](C)[C@H](NC(=O)c2ncccc2O)C(=O)N[C@@H](Cc2cccnc2)[C@@H]1O,291000.0,inactive,291000.0,3.5361070110140926,567.6430000000003,1.0155000000000018,5.0,9.0
301,376,CHEMBL4445442,Cn1c2ccccc2c2cc(/C=C3\SC(=S)N(c4ccc(C(=O)O)cc4)C3=O)ccc21,2820.0,intermediate,2820.0,5.549750891680639,444.5370000000002,5.435500000000004,1.0,5.0
302,377,CHEMBL4473331,NCc1ccc(NS(=O)(=O)/C=C/c2cccc(C(F)(F)F)c2)cc1,9000.0,intermediate,9000.0,5.045757490560675,356.36899999999997,3.5767000000000024,2.0,3.0
303,378,CHEMBL4444080,NCc1cccc(NS(=O)(=O)/C=C/c2cccc(C(F)(F)F)c2)c1,4000.0,intermediate,4000.0,5.3979400086720375,356.369,3.5767000000000024,2.0,3.0
304,379,CHEMBL4435863,Cc1c(S(=O)(=O)Nc2cccc(CN)c2)sc2ccc(Cl)cc12,310.0,active,310.0,6.508638306165727,366.89500000000004,4.122620000000002,2.0,4.0
305,380,CHEMBL4591748,Cc1c(S(=O)(=O)Nc2cccc(CN)c2)sc2ccc(F)cc12,250.0,active,250.0,6.6020599913279625,350.44000000000005,3.6083200000000017,2.0,4.0
306,381,CHEMBL4439827,NCc1cccc(NS(=O)(=O)c2cc3ccccc3s2)c1,6000.0,intermediate,6000.0,5.221848749616356,318.423,3.160800000000002,2.0,4.0
307,382,CHEMBL4541593,NCc1cccc(NS(=O)(=O)c2cc3ccccc3o2)c1,22000.0,inactive,22000.0,4.657577319177793,302.355,2.6923000000000012,2.0,4.0
308,383,CHEMBL2387748,O=C(O)/C=C/c1cccc(C(F)(F)F)c1,1000000.0,inactive,1000000.0,3.0,216.15799999999996,2.8032000000000012,1.0,1.0
309,384,CHEMBL64,NNC(=O)c1ccncc1,8290.0,intermediate,8290.0,5.081445469449727,137.142,-0.3149000000000006,2.0,3.0
310,385,CHEMBL56337,CC(/C=C1\SC(=S)N(CC(=O)O)C1=O)=C\c1ccccc1,200000.0,inactive,200000.0,3.6989700043360187,319.407,2.918700000000001,1.0,4.0
311,387,CHEMBL4579264,COc1ccc(C(=O)CN2C(=O)/C(=C\c3cc(OC)c(OC)c(OC)c3)SC2=S)cc1,2550.0,intermediate,2550.0,5.5934598195660445,459.54500000000013,3.805100000000003,0.0,8.0
312,388,CHEMBL4517154,COc1ccc(C(=O)CN2C(=O)/C(=C\c3ccccc3OC)SC2=S)cc1,16800.0,inactive,16800.0,4.774690718274137,399.4930000000001,3.787900000000003,0.0,6.0
313,389,CHEMBL4573708,COc1ccc(C(=O)CN2C(=O)/C(=C\c3cccc(Cl)c3)SC2=S)cc1,7840.0,intermediate,7840.0,5.105683937315561,403.91200000000003,4.432700000000003,0.0,5.0
314,390,CHEMBL4553751,COc1ccc(C(=O)CN2C(=O)/C(=C\c3ccccc3Cl)SC2=S)cc1,15300.0,inactive,15300.0,4.815308569182401,403.9120000000001,4.432700000000003,0.0,5.0
315,391,CHEMBL4586001,COc1ccc(C(=O)CN2C(=O)/C(=C\c3ccc(C)cc3)SC2=S)cc1,5020.0,intermediate,5020.0,5.29929628285498,383.494,4.087720000000004,0.0,5.0
316,392,CHEMBL4555877,COc1ccc(C(=O)CN2C(=O)/C(=C\c3ccc(Br)cc3)SC2=S)cc1,12100.0,inactive,12100.0,4.91721462968355,448.363,4.541800000000003,0.0,5.0
317,393,CHEMBL4588928,COc1ccc(C(=O)CN2C(=O)/C(=C\c3ccc(Cl)cc3)SC2=S)cc1,16500.0,inactive,16500.0,4.782516055786093,403.91200000000003,4.432700000000003,0.0,5.0
318,394,CHEMBL4568422,COc1ccc(C(=O)CN2C(=O)/C(=C\c3ccc(F)cc3)SC2=S)cc1,20100.0,inactive,20100.0,4.696803942579511,387.45700000000005,3.9184000000000028,0.0,5.0
319,395,CHEMBL4552935,COc1cc(/C=C2/SC(=S)N(CC(=O)c3ccccc3)C2=O)cc(OC)c1OC,3120.0,intermediate,3120.0,5.505845405981558,429.5190000000002,3.7965000000000027,0.0,7.0
320,396,CHEMBL4569601,COc1cccc(/C=C2/SC(=S)N(CC(=O)c3ccccc3)C2=O)c1,22600.0,inactive,22600.0,4.645891560852599,369.46700000000004,3.7793000000000028,0.0,5.0
321,397,CHEMBL4521503,COc1ccccc1/C=C1/SC(=S)N(CC(=O)c2ccccc2)C1=O,28100.0,inactive,28100.0,4.55129368009492,369.4670000000001,3.7793000000000028,0.0,5.0
322,398,CHEMBL4564066,O=C(CN1C(=O)/C(=C\c2cccc(Cl)c2)SC1=S)c1ccccc1,47300.0,inactive,47300.0,4.325138859262188,373.8860000000001,4.424100000000003,0.0,4.0
323,399,CHEMBL4557146,O=C(CN1C(=O)/C(=C\c2ccccc2Cl)SC1=S)c1ccccc1,25800.0,inactive,25800.0,4.58838029403677,373.8860000000001,4.424100000000003,0.0,4.0
324,400,CHEMBL4524771,CC(=O)Nc1ccc(/C=C2/SC(=S)N(CC(=O)c3ccccc3)C2=O)cc1,11600.0,inactive,11600.0,4.935542010773082,396.4930000000001,3.7291000000000016,1.0,5.0
325,401,CHEMBL4564531,CN(C)c1ccc(/C=C2/SC(=S)N(CC(=O)c3ccccc3)C2=O)cc1,17400.0,inactive,17400.0,4.7594507517174005,382.51000000000005,3.836700000000002,0.0,5.0
326,402,CHEMBL4555906,O=C(CN1C(=O)/C(=C\c2ccc(O)cc2)SC1=S)c1ccccc1,35300.0,inactive,35300.0,4.452225294612178,355.44000000000005,3.476300000000002,1.0,5.0
327,403,CHEMBL4548258,O=C(CN1C(=O)/C(=C\c2ccc([N+](=O)[O-])cc2)SC1=S)c1ccccc1,43500.0,inactive,43500.0,4.361510743045363,384.43800000000005,3.6789000000000023,0.0,6.0
328,404,CHEMBL4552155,COc1ccc(/C=C2/SC(=S)N(CC(=O)c3ccccc3)C2=O)cc1,8240.0,intermediate,8240.0,5.084072788302884,369.46700000000004,3.779300000000002,0.0,5.0
329,405,CHEMBL4570532,Cc1ccc(/C=C2/SC(=S)N(CC(=O)c3ccccc3)C2=O)cc1,17500.0,inactive,17500.0,4.756961951313706,353.4680000000001,4.079120000000003,0.0,4.0
330,406,CHEMBL4552239,O=C(CN1C(=O)/C(=C\c2ccc(Br)cc2)SC1=S)c1ccccc1,23900.0,inactive,23900.0,4.621602099051862,418.33700000000005,4.5332000000000034,0.0,4.0
331,407,CHEMBL4543078,O=C(CN1C(=O)/C(=C\c2ccc(Cl)cc2)SC1=S)c1ccccc1,50100.0,inactive,50100.0,4.300162274132754,373.8860000000001,4.424100000000003,0.0,4.0
332,408,CHEMBL4541469,O=C(CN1C(=O)/C(=C\c2ccc(F)cc2)SC1=S)c1ccccc1,55000.0,inactive,55000.0,4.259637310505756,357.43100000000004,3.9098000000000024,0.0,4.0
333,409,CHEMBL4545197,O=C(CN1C(=O)/C(=C\c2ccccc2)SC1=S)c1ccccc1,40200.0,inactive,40200.0,4.39577394691553,339.44100000000003,3.7707000000000024,0.0,4.0
